"Sample_ID","Group","Tissue","Gene","dCt","ref_dCt","ddCt","FoldChange"
"S01","Control","TypeA","Gene_01",12.8952361913326,10.0446837020647,2.85055248926789,0.138643079589152
"S01","Control","TypeA","Gene_02",9.02392295424706,9.94318377749071,-0.919260823243656,1.89114610081332
"S01","Control","TypeA","Gene_03",10.8795761197139,10.5679540875911,0.311622032122781,0.805735355884927
"S01","Control","TypeA","Gene_04",11.4190445069613,9.96384179198107,1.45520271498025,0.364703837443103
"S01","Control","TypeA","Gene_05",10.9618559433212,9.32661440656514,1.63524153675609,0.321916507436055
"S01","Control","TypeA","Gene_06",9.94107026485627,9.47907119714332,0.46199906771295,0.725979609088632
"S01","Control","TypeA","Gene_07",13.1763632919171,10.2878150898837,2.88854820203342,0.135039352617567
"S01","Control","TypeA","Gene_08",9.96400122021304,9.61483954951655,0.349161670696489,0.785040140899798
"S01","Control","TypeA","Gene_09",14.1901667247933,9.74835172316406,4.44181500162926,0.0460129893606689
"S01","Control","TypeA","Gene_10",10.0278910989344,9.01933483514621,1.00855626378818,0.497043401030624
"S01","Control","TypeA","Gene_11",12.7630586054862,9.72103156028108,3.04202704520513,0.121411160910392
"S01","Control","TypeA","Gene_12",14.7266100824415,9.83712764645966,4.88948243598179,0.0337379836554905
"S01","Control","TypeA","Gene_13",7.37559789481456,9.27302750091981,-1.89742960610525,3.7254884910958
"S01","Control","TypeA","Gene_14",9.59574176340449,9.25111822634748,0.344623537057009,0.787513446847945
"S01","Control","TypeA","Gene_15",9.88667662425192,9.81402082898414,0.0726557952677798,0.950885940853009
"S01","Control","TypeA","Gene_16",11.4252200931794,10.5112838114979,0.913936281681478,0.530735044492969
"S01","Control","TypeA","Gene_17",9.58481345420709,9.76799379112875,-0.18318033692166,1.13538401631098
"S01","Control","TypeA","Gene_18",4.84040845522969,10.2709415401643,-5.43053308493461,43.127407365428
"S01","Control","TypeA","Gene_19",5.2723854398882,9.79290970959687,-4.52052426970868,22.9516229825806
"S01","Control","TypeA","Gene_20",12.7935459884996,10.4553288367821,2.33821715171751,0.197754557415721
"S02","Control","TypeB","Gene_01",8.92265272384324,10.0446837020647,-1.12203097822144,2.17653161834287
"S02","Control","TypeB","Gene_02",9.26905222151778,9.94318377749071,-0.674131555972933,1.59563597528185
"S02","Control","TypeB","Gene_03",6.25726481666608,10.5679540875911,-4.31068927092505,19.8448021101528
"S02","Control","TypeB","Gene_04",10.7037856967182,9.96384179198107,0.739943904737117,0.598762633109204
"S02","Control","TypeB","Gene_05",7.11584632963216,9.32661440656514,-2.21076807693298,4.62921662999685
"S02","Control","TypeB","Gene_06",9.55451246406994,9.47907119714332,0.0754412669266191,0.949051796793534
"S02","Control","TypeB","Gene_07",9.72229905115425,10.2878150898837,-0.565516038729436,1.47991676718598
"S02","Control","TypeB","Gene_08",10.7349598236649,9.61483954951655,1.12012027414838,0.460055469953311
"S02","Control","TypeB","Gene_09",8.02830720337871,9.74835172316406,-1.72004451978535,3.29446573064119
"S02","Control","TypeB","Gene_10",9.31996131987991,9.01933483514621,0.300626484733698,0.811899755471123
"S02","Control","TypeB","Gene_11",5.41782238001656,9.72103156028108,-4.30320918026452,19.7421769811964
"S02","Control","TypeB","Gene_12",6.75709637365287,9.83712764645966,-3.08003127280679,8.45632762742502
"S02","Control","TypeB","Gene_13",8.0817757987026,9.27302750091981,-1.1912517022172,2.28350777552752
"S02","Control","TypeB","Gene_14",4.95517568716238,9.25111822634748,-4.29594253918511,19.6429885703614
"S02","Control","TypeB","Gene_15",9.85583620084016,9.81402082898414,0.0418153718560159,0.971431806064941
"S02","Control","TypeB","Gene_16",10.1955881874561,10.5112838114979,-0.315695624041757,1.24461162283435
"S02","Control","TypeB","Gene_17",9.06147638995831,9.76799379112875,-0.706517401170439,1.63186012416713
"S02","Control","TypeB","Gene_18",11.2999174584547,10.2709415401643,1.02897591829038,0.490057887731807
"S02","Control","TypeB","Gene_19",8.33018133290249,9.79290970959687,-1.46272837669438,2.756291316546
"S02","Control","TypeB","Gene_20",7.04702889821705,10.4553288367821,-3.40829993856506,10.616968179705
"S03","Control","TypeA","Gene_01",8.20928958775062,10.0446837020647,-1.83539411431406,3.56868883618513
"S03","Control","TypeA","Gene_02",12.7202784635665,9.94318377749071,2.77709468607575,0.145885187765968
"S03","Control","TypeA","Gene_03",8.96918353489727,10.5679540875911,-1.59877055269386,3.02885088271997
"S03","Control","TypeA","Gene_04",11.1433717069284,9.96384179198107,1.17952991494731,0.441495330723465
"S03","Control","TypeA","Gene_05",10.4759264705319,9.32661440656514,1.14931206396671,0.450840159095243
"S03","Control","TypeA","Gene_06",8.26439805836321,9.47907119714332,-1.21467313878011,2.32088194337637
"S03","Control","TypeA","Gene_07",12.9835309797079,10.2878150898837,2.69571588982423,0.154350719181865
"S03","Control","TypeA","Gene_08",11.1178745515586,9.61483954951655,1.50303500204204,0.352810401015239
"S03","Control","TypeA","Gene_09",10.0115972333232,9.74835172316406,0.26324551015912,0.833211403614398
"S03","Control","TypeA","Gene_10",10.3851774347069,9.01933483514621,1.36584259956068,0.38800775712281
"S03","Control","TypeA","Gene_11",11.1906535722345,9.72103156028108,1.46962201195343,0.361076889120655
"S03","Control","TypeA","Gene_12",10.0117417132821,9.83712764645966,0.174614066822464,0.886004501133275
"S03","Control","TypeA","Gene_13",3.84589577381809,9.27302750091981,-5.42713172710172,43.025848163213
"S03","Control","TypeA","Gene_14",10.4018418471853,9.25111822634748,1.1507236208378,0.45039926529425
"S03","Control","TypeA","Gene_15",9.09760665464201,9.81402082898414,-0.716414174342125,1.64309303915761
"S03","Control","TypeA","Gene_16",10.2025370698552,10.5112838114979,-0.308746741642723,1.23863124278457
"S03","Control","TypeA","Gene_17",10.995723394855,9.76799379112875,1.22772960372623,0.426988877837032
"S03","Control","TypeA","Gene_18",12.6315495947093,10.2709415401643,2.36060805454503,0.194709063338042
"S03","Control","TypeA","Gene_19",8.37749182117503,9.79290970959687,-1.41541788842184,2.66736986779954
"S03","Control","TypeA","Gene_20",12.4371612042123,10.4553288367821,1.98183236743014,0.253168116755758
"S04","Control","TypeB","Gene_01",10.0577141883059,10.0446837020647,0.0130304862412416,0.991008621591536
"S04","Control","TypeB","Gene_02",11.4851232855264,9.94318377749071,1.54193950803571,0.343423457744266
"S04","Control","TypeB","Gene_03",8.33104024598265,10.5679540875911,-2.23691384160848,4.71387610805615
"S04","Control","TypeB","Gene_04",9.15242933237962,9.96384179198107,-0.811412459601446,1.75492875147564
"S04","Control","TypeB","Gene_05",10.1355721982267,9.32661440656514,0.808957791661593,0.570794052807117
"S04","Control","TypeB","Gene_06",10.6508309800011,9.47907119714332,1.17175978285774,0.443879571020548
"S04","Control","TypeB","Gene_07",10.5171755319027,10.2878150898837,0.229360442019017,0.853012955268744
"S04","Control","TypeB","Gene_08",7.88626990012611,9.61483954951655,-1.72856964939044,3.3139909192286
"S04","Control","TypeB","Gene_09",6.6880424135476,9.74835172316406,-3.06030930961645,8.34151429140748
"S04","Control","TypeB","Gene_10",12.1836800820772,9.01933483514621,3.16434524693098,0.111541675543293
"S04","Control","TypeB","Gene_11",9.43252591268129,9.72103156028108,-0.288505647599788,1.22137451502511
"S04","Control","TypeB","Gene_12",9.80124881075375,9.83712764645966,-0.0358788357059119,1.02518113475437
"S04","Control","TypeB","Gene_13",9.99629388644916,9.27302750091981,0.72326638552935,0.605724476269308
"S04","Control","TypeB","Gene_14",7.84942917120628,9.25111822634748,-1.4016890551412,2.64210729510042
"S04","Control","TypeB","Gene_15",11.4620807576081,9.81402082898414,1.64805992862397,0.319068938013514
"S04","Control","TypeB","Gene_16",9.80380727003429,10.5112838114979,-0.707476541463611,1.63294538692571
"S04","Control","TypeB","Gene_17",9.87257354886349,9.76799379112875,0.104579757734742,0.930075824705042
"S04","Control","TypeB","Gene_18",12.1047796186697,10.2709415401643,1.83383807850536,0.280517352350835
"S04","Control","TypeB","Gene_19",11.8816331825438,9.79290970959687,2.08872347294696,0.235088606670282
"S04","Control","TypeB","Gene_20",13.0223197133959,10.4553288367821,2.56699087661377,0.168755815323338
"S05","Control","TypeA","Gene_01",11.5434147393759,10.0446837020647,1.49873103731126,0.35386450515031
"S05","Control","TypeA","Gene_02",13.0249385307033,9.94318377749071,3.08175475321262,0.118113456774991
"S05","Control","TypeA","Gene_03",8.02113985902754,10.5679540875911,-2.5468142285636,5.84342502573317
"S05","Control","TypeA","Gene_04",8.52113244416765,9.96384179198107,-1.44270934781342,2.71830878526177
"S05","Control","TypeA","Gene_05",7.97924025621579,9.32661440656514,-1.34737415034935,2.54448581808367
"S05","Control","TypeA","Gene_06",7.32428961891854,9.47907119714332,-2.15478157822478,4.45301224278086
"S05","Control","TypeA","Gene_07",10.4026827244057,10.2878150898837,0.114867634521966,0.923467033796032
"S05","Control","TypeA","Gene_08",11.5491262972217,9.61483954951655,1.93428674770516,0.261650560087968
"S05","Control","TypeA","Gene_09",12.6446483691203,9.74835172316406,2.89629664595627,0.134316025799043
"S05","Control","TypeA","Gene_10",12.3322197922588,9.01933483514621,3.31288495711257,0.100628791188868
"S05","Control","TypeA","Gene_11",8.23630032424364,9.72103156028108,-1.48473123603744,2.7986503137087
"S05","Control","TypeA","Gene_12",13.9396814212688,9.83712764645966,4.10255377480916,0.0582114282344457
"S05","Control","TypeA","Gene_13",8.9091708004077,9.27302750091981,-0.363856700512112,1.28686142005027
"S05","Control","TypeA","Gene_14",10.4537452428355,9.25111822634748,1.20262701648799,0.434483406124386
"S05","Control","TypeA","Gene_15",9.39820585418562,9.81402082898414,-0.41581497479852,1.33405206693305
"S05","Control","TypeA","Gene_16",9.99801727401339,10.5112838114979,-0.513266537484517,1.42727817058339
"S05","Control","TypeA","Gene_17",10.6191036869263,9.76799379112875,0.851109895797579,0.554358092540757
"S05","Control","TypeA","Gene_18",10.4810395339173,10.2709415401643,0.210097993753052,0.864478510394315
"S05","Control","TypeA","Gene_19",10.1925325161885,9.79290970959687,0.399622806591655,0.758056451622784
"S05","Control","TypeA","Gene_20",10.4588630738074,10.4553288367821,0.0035342370252831,0.997553251750519
"S06","Control","TypeB","Gene_01",14.8030328002297,10.0446837020647,4.75834909816506,0.0369482770644364
"S06","Control","TypeB","Gene_02",6.67501833716071,9.94318377749071,-3.26816544033,9.63420378399308
"S06","Control","TypeB","Gene_03",9.67376323665736,10.5679540875911,-0.894190850933771,1.85856719798099
"S06","Control","TypeB","Gene_04",6.41200066490757,9.96384179198107,-3.5518411270735,11.7276425111869
"S06","Control","TypeB","Gene_05",5.60727239452435,9.32661440656514,-3.7193420120408,13.1714476394165
"S06","Control","TypeB","Gene_06",8.98963319017212,9.47907119714332,-0.4894380069712,1.40389788937158
"S06","Control","TypeB","Gene_07",6.60187453298025,10.2878150898837,-3.68594055690344,12.8700036437696
"S06","Control","TypeB","Gene_08",8.87805724615765,9.61483954951655,-0.736782303358908,1.66645493427315
"S06","Control","TypeB","Gene_09",7.73567863624449,9.74835172316406,-2.01267308691957,4.03529203911423
"S06","Control","TypeB","Gene_10",7.48645400548309,9.01933483514621,-1.53288082966312,2.89363074049544
"S06","Control","TypeB","Gene_11",4.80154833195386,9.72103156028108,-4.91948322832722,30.2630025814629
"S06","Control","TypeB","Gene_12",6.20408075154955,9.83712764645966,-3.63304689491011,12.4066945755321
"S06","Control","TypeB","Gene_13",9.75828368177602,9.27302750091981,0.485256180856215,0.714370207147966
"S06","Control","TypeB","Gene_14",10.5344919883872,9.25111822634748,1.28337376203974,0.410833644322349
"S06","Control","TypeB","Gene_15",8.4134960924332,9.81402082898414,-1.40052473655094,2.6399758580668
"S06","Control","TypeB","Gene_16",9.39937656767085,10.5112838114979,-1.11190724382706,2.16131184092017
"S06","Control","TypeB","Gene_17",11.6450300863001,9.76799379112875,1.87703629517133,0.272242404701856
"S06","Control","TypeB","Gene_18",12.2789622854925,10.2709415401643,2.00802074532823,0.248613967181706
"S06","Control","TypeB","Gene_19",7.20502326272851,9.79290970959687,-2.58788644686837,6.01217268134053
"S06","Control","TypeB","Gene_20",9.16461167903979,10.4553288367821,-1.29071715774232,2.44649639641187
"S07","Control","TypeA","Gene_01",9.32728700384261,10.0446837020647,-0.717396698222068,1.64421242194462
"S07","Control","TypeA","Gene_02",10.1618071950972,9.94318377749071,0.21862341760651,0.859385048394492
"S07","Control","TypeA","Gene_03",10.094531568501,10.5679540875911,-0.473422519090096,1.38839927708168
"S07","Control","TypeA","Gene_04",8.49138812916235,9.96384179198107,-1.47245366281872,2.77493439336408
"S07","Control","TypeA","Gene_05",9.37737815520574,9.32661440656514,0.0507637486405965,0.965425107012057
"S07","Control","TypeA","Gene_06",10.2078564067987,9.47907119714332,0.728785209655422,0.603411789918053
"S07","Control","TypeA","Gene_07",9.43900846685937,10.2878150898837,-0.848806623024318,1.8010105383952
"S07","Control","TypeA","Gene_08",12.4935182117116,9.61483954951655,2.87867866219507,0.135966329862442
"S07","Control","TypeA","Gene_09",9.30476048166725,9.74835172316406,-0.443591241496804,1.35998547339621
"S07","Control","TypeA","Gene_10",9.40040809977376,9.01933483514621,0.381073264627549,0.767866139184197
"S07","Control","TypeA","Gene_11",11.6604713180794,9.72103156028108,1.93943975779835,0.260717665124424
"S07","Control","TypeA","Gene_12",8.1540093386334,9.83712764645966,-1.68311830782626,3.21121287873181
"S07","Control","TypeA","Gene_13",10.1853492146728,9.27302750091981,0.912321713752977,0.531329340191624
"S07","Control","TypeA","Gene_14",7.16365652028004,9.25111822634748,-2.08746170606745,4.24999665589382
"S07","Control","TypeA","Gene_15",12.6010852634466,9.81402082898414,2.78706443446244,0.144880523107634
"S07","Control","TypeA","Gene_16",9.71945476222706,10.5112838114979,-0.79182904927085,1.73126797398974
"S07","Control","TypeA","Gene_17",9.33105551563071,9.76799379112875,-0.436938275498042,1.35372835967662
"S07","Control","TypeA","Gene_18",7.79024150900279,10.2709415401643,-2.4807000311615,5.58168237816788
"S07","Control","TypeA","Gene_19",10.2512220974206,9.79290970959687,0.458312387823689,0.727837158317854
"S07","Control","TypeA","Gene_20",8.6661818090719,10.4553288367821,-1.78914702771022,3.45610494967846
"S08","Control","TypeB","Gene_01",9.12719599888434,10.0446837020647,-0.917487703180338,1.88882324724547
"S08","Control","TypeB","Gene_02",11.0326999261149,9.94318377749071,1.0895161486242,0.469918949701041
"S08","Control","TypeB","Gene_03",12.7175166856022,10.5679540875911,2.14956259801109,0.225380937179191
"S08","Control","TypeB","Gene_04",7.86728780792126,9.96384179198107,-2.09655398405981,4.27686593396762
"S08","Control","TypeB","Gene_05",10.1200645298436,9.32661440656514,0.793450123278502,0.576962667350951
"S08","Control","TypeB","Gene_06",9.24266225115305,9.47907119714332,-0.236408945990268,1.1780566739336
"S08","Control","TypeB","Gene_07",10.5789817720975,10.2878150898837,0.291166682213825,0.817240902855394
"S08","Control","TypeB","Gene_08",7.95797704682224,9.61483954951655,-1.65686250269431,3.15330015388979
"S08","Control","TypeB","Gene_09",10.1248404891549,9.74835172316406,0.3764887659908,0.77031009327945
"S08","Control","TypeB","Gene_10",4.87176531422224,9.01933483514621,-4.14756952092397,17.7232284249213
"S08","Control","TypeB","Gene_11",12.3012574514358,9.72103156028108,2.58022589115468,0.167214760510702
"S08","Control","TypeB","Gene_12",10.6884518649235,9.83712764645966,0.851324218463844,0.554275744798248
"S08","Control","TypeB","Gene_13",9.55112085236875,9.27302750091981,0.278093351448938,0.82468018488542
"S08","Control","TypeB","Gene_14",6.95465856986191,9.25111822634748,-2.29645965648558,4.91250765843262
"S08","Control","TypeB","Gene_15",11.1386902302242,9.81402082898414,1.32466940124007,0.399240670132954
"S08","Control","TypeB","Gene_16",10.8190605577698,10.5112838114979,0.307776746271871,0.807885786397956
"S08","Control","TypeB","Gene_17",9.83996157729747,9.76799379112875,0.0719677861687149,0.951339518484664
"S08","Control","TypeB","Gene_18",10.1555846158651,10.2709415401643,-0.115356924299203,1.08324300785849
"S08","Control","TypeB","Gene_19",8.68445488944063,9.79290970959687,-1.10845482015624,2.15614592371361
"S08","Control","TypeB","Gene_20",10.5902862954007,10.4553288367821,0.134957458618613,0.910696687308671
"S09","Control","TypeA","Gene_01",10.1299120524351,10.0446837020647,0.0852283503704321,0.942635323399241
"S09","Control","TypeA","Gene_02",8.01595748933395,9.94318377749071,-1.92722628815676,3.80323289901298
"S09","Control","TypeA","Gene_03",12.0899284360003,10.5679540875911,1.5219743484092,0.348209061383486
"S09","Control","TypeA","Gene_04",11.7968240436683,9.96384179198107,1.83298225168726,0.280683808523528
"S09","Control","TypeA","Gene_05",9.01581761351743,9.32661440656514,-0.310796793047713,1.24039257323135
"S09","Control","TypeA","Gene_06",7.49925447510778,9.47907119714332,-1.97981672203554,3.94442969130006
"S09","Control","TypeA","Gene_07",11.0983479602955,10.2878150898837,0.810532870411842,0.570171221949035
"S09","Control","TypeA","Gene_08",9.99825484317448,9.61483954951655,0.383415293657929,0.766620618944931
"S09","Control","TypeA","Gene_09",11.1936542058492,9.74835172316406,1.44530248268511,0.367215158074138
"S09","Control","TypeA","Gene_10",8.10042586815116,9.01933483514621,-0.918908966995055,1.89068492889734
"S09","Control","TypeA","Gene_11",8.77008991035954,9.72103156028108,-0.950941649921539,1.93313400657203
"S09","Control","TypeA","Gene_12",12.8599805064801,9.83712764645966,3.0228528600204,0.123035550468553
"S09","Control","TypeA","Gene_13",11.4959806085517,9.27302750091981,2.22295310763188,0.214202450868248
"S09","Control","TypeA","Gene_14",11.8614058725589,9.25111822634748,2.61028764621137,0.163766520268139
"S09","Control","TypeA","Gene_15",14.3188876914282,9.81402082898414,4.50486686244403,0.0440453380871664
"S09","Control","TypeA","Gene_16",10.946073656325,10.5112838114979,0.434789844827121,0.739801512526914
"S09","Control","TypeA","Gene_17",6.68657232365724,9.76799379112875,-3.08142146747151,8.46448015246029
"S09","Control","TypeA","Gene_18",11.3559851939874,10.2709415401643,1.08504365382311,0.471378004540471
"S09","Control","TypeA","Gene_19",13.0310810538379,9.79290970959687,3.23817134424098,0.105977408236411
"S09","Control","TypeA","Gene_20",14.8075092837189,10.4553288367821,4.35218044693676,0.0489624497599889
"S10","Control","TypeB","Gene_01",9.00412576260764,10.0446837020647,-1.04055793945705,2.05702302057758
"S10","Control","TypeB","Gene_02",6.97243759648067,9.94318377749071,-2.97074618101004,7.83941598223935
"S10","Control","TypeB","Gene_03",13.4488260319269,10.5679540875911,2.88087194433581,0.135759781736862
"S10","Control","TypeB","Gene_04",9.59043118773173,9.96384179198107,-0.373410604249333,1.29541163243324
"S10","Control","TypeB","Gene_05",8.56073680627383,9.32661440656514,-0.76587760029131,1.70040405000639
"S10","Control","TypeB","Gene_06",9.71328221086968,9.47907119714332,0.234211013726364,0.850149805025028
"S10","Control","TypeB","Gene_07",8.69048939997115,10.2878150898837,-1.59732568991254,3.02581899927041
"S10","Control","TypeB","Gene_08",7.83281936398078,9.61483954951655,-1.78202018553577,3.43907406260251
"S10","Control","TypeB","Gene_09",11.7035607179186,9.74835172316406,1.95520899475453,0.257883434061298
"S10","Control","TypeB","Gene_10",7.8592670560886,9.01933483514621,-1.16006777905761,2.23467926083778
"S10","Control","TypeB","Gene_11",6.06752768166146,9.72103156028108,-3.65350387861962,12.5838709753243
"S10","Control","TypeB","Gene_12",8.92432959022777,9.83712764645966,-0.912798056231892,1.8826933773305
"S10","Control","TypeB","Gene_13",8.67185595090246,9.27302750091981,-0.601171550017352,1.51694791403322
"S10","Control","TypeB","Gene_14",8.33128951124811,9.25111822634748,-0.91982871509938,1.89189066417568
"S10","Control","TypeB","Gene_15",7.2386192965863,9.81402082898414,-2.57540153239784,5.96036851768041
"S10","Control","TypeB","Gene_16",10.231613504494,10.5112838114979,-0.279670307003878,1.21391744127595
"S10","Control","TypeB","Gene_17",9.02684522910665,9.76799379112875,-0.741148562022099,1.67150603289509
"S10","Control","TypeB","Gene_18",10.4062171552567,10.2709415401643,0.135275615092407,0.910495874182996
"S10","Control","TypeB","Gene_19",8.9061511433488,9.79290970959687,-0.886758566248073,1.84901709894184
"S10","Control","TypeB","Gene_20",8.0578748463171,10.4553288367821,-2.39745399046501,5.26872540155443
"S11","Control","TypeA","Gene_01",10.0045506905566,10.0446837020647,-0.0401330115080469,1.02820861957545
"S11","Control","TypeA","Gene_02",12.4439821125298,9.94318377749071,2.50079833503911,0.176678900554249
"S11","Control","TypeA","Gene_03",8.14491326056156,10.5679540875911,-2.42304082702958,5.36300213252445
"S11","Control","TypeA","Gene_04",9.61584592802842,9.96384179198107,-0.347995863952644,1.27279128631866
"S11","Control","TypeA","Gene_05",10.0093753304731,9.32661440656514,0.682760923907926,0.622971934975201
"S11","Control","TypeA","Gene_06",9.76614730451771,9.47907119714332,0.287076107374391,0.819561371674506
"S11","Control","TypeA","Gene_07",13.2454921447629,10.2878150898837,2.95767705487917,0.12872132127918
"S11","Control","TypeA","Gene_08",10.5025487181826,9.61483954951655,0.887709168666053,0.540471643132913
"S11","Control","TypeA","Gene_09",11.0365298229863,9.74835172316406,1.28817809982228,0.409467797260031
"S11","Control","TypeA","Gene_10",8.66333470505158,9.01933483514621,-0.356000130094628,1.27987252925646
"S11","Control","TypeA","Gene_11",9.08964356776028,9.72103156028108,-0.631387992520796,1.54905459611842
"S11","Control","TypeA","Gene_12",12.5442159378891,9.83712764645966,2.70708829142946,0.153138794267062
"S11","Control","TypeA","Gene_13",13.0650414499706,9.27302750091981,3.79201394905074,0.0721921635235906
"S11","Control","TypeA","Gene_14",13.0458054983996,9.25111822634748,3.79468727205214,0.0720585148538433
"S11","Control","TypeA","Gene_15",7.78680402172877,9.81402082898414,-2.02721680725537,4.07617730566743
"S11","Control","TypeA","Gene_16",14.6479995080522,10.5112838114979,4.13671569655431,0.0568492175754746
"S11","Control","TypeA","Gene_17",12.5818237803785,9.76799379112875,2.81382998924976,0.142217411748015
"S11","Control","TypeA","Gene_18",10.4946431925029,10.2709415401643,0.223701652338619,0.856365361599824
"S11","Control","TypeA","Gene_19",11.955293678376,9.79290970959687,2.16238396877908,0.223386828969972
"S11","Control","TypeA","Gene_20",8.6053076624757,10.4553288367821,-1.85002117430641,3.60505476112216
"S12","Control","TypeB","Gene_01",7.27726344119472,10.0446837020647,-2.76742026086996,6.80889299567393
"S12","Control","TypeB","Gene_02",7.8681293786981,9.94318377749071,-2.07505439879262,4.21360302049738
"S12","Control","TypeB","Gene_03",9.43813876602595,10.5679540875911,-1.12981532156518,2.18830726083118
"S12","Control","TypeB","Gene_04",7.30981864747201,9.96384179198107,-2.65402314450905,6.29420053705294
"S12","Control","TypeB","Gene_05",7.50309008624792,9.32661440656514,-1.82352432031723,3.53944785320768
"S12","Control","TypeB","Gene_06",10.4439493161705,9.47907119714332,0.964878119027178,0.512321691368927
"S12","Control","TypeB","Gene_07",9.88129511870573,10.2878150898837,-0.406519971177962,1.32548465758054
"S12","Control","TypeB","Gene_08",9.35970174775053,9.61483954951655,-0.255137801766022,1.19344973221309
"S12","Control","TypeB","Gene_09",4.62233911053412,9.74835172316406,-5.12601261262994,34.9207493558927
"S12","Control","TypeB","Gene_10",7.92589662839758,9.01933483514621,-1.09343820674863,2.13381959338649
"S12","Control","TypeB","Gene_11",10.8591953032748,9.72103156028108,1.1381637429937,0.454337488904029
"S12","Control","TypeB","Gene_12",9.57797917534299,9.83712764645966,-0.259148471116678,1.19677211950784
"S12","Control","TypeB","Gene_13",8.96337793891566,9.27302750091981,-0.309649562004147,1.23940660517548
"S12","Control","TypeB","Gene_14",3.94515126999682,9.25111822634748,-5.30596695635066,39.5599022546471
"S12","Control","TypeB","Gene_15",9.46694416472646,9.81402082898414,-0.347076664257679,1.27198059750573
"S12","Control","TypeB","Gene_16",10.4925142820914,10.5112838114979,-0.0187695294065247,1.01309504525517
"S12","Control","TypeB","Gene_17",9.43661804657442,9.76799379112875,-0.331375744554327,1.25821262596194
"S12","Control","TypeB","Gene_18",9.65983596747598,10.2709415401643,-0.611105572688317,1.5274292671908
"S12","Control","TypeB","Gene_19",10.2081416328618,9.79290970959687,0.415231923264894,0.749898933481916
"S12","Control","TypeB","Gene_20",8.5519114150238,10.4553288367821,-1.90341742175831,3.74098303069207
"S13","Control","TypeA","Gene_01",11.0239175454912,10.0446837020647,0.97923384342651,0.507249047687841
"S13","Control","TypeA","Gene_02",7.5977902045941,9.94318377749071,-2.34539357289661,5.08199012801486
"S13","Control","TypeA","Gene_03",12.8462816585144,10.5679540875911,2.27832757092324,0.206136577526407
"S13","Control","TypeA","Gene_04",12.492048619763,9.96384179198107,2.52820682778188,0.173354016965039
"S13","Control","TypeA","Gene_05",11.7312786731071,9.32661440656514,2.40466426654192,0.188853016577433
"S13","Control","TypeA","Gene_06",6.75787194137212,9.47907119714332,-2.7211992557712,6.59420736629575
"S13","Control","TypeA","Gene_07",8.94451805853234,10.2878150898837,-1.34329703135135,2.53730514161047
"S13","Control","TypeA","Gene_08",11.3541583803224,9.61483954951655,1.7393188308058,0.299511057072851
"S13","Control","TypeA","Gene_09",10.170574760899,9.74835172316406,0.422223037734963,0.746273810308373
"S13","Control","TypeA","Gene_10",10.7791553530659,9.01933483514621,1.75982051791971,0.295284898727805
"S13","Control","TypeA","Gene_11",15.0023178434841,9.72103156028108,5.28128628320306,0.0257142826341034
"S13","Control","TypeA","Gene_12",8.44637009694397,9.83712764645966,-1.3907575495157,2.62216332670769
"S13","Control","TypeA","Gene_13",5.85673051588503,9.27302750091981,-3.41629698503478,10.6759828286289
"S13","Control","TypeA","Gene_14",10.6305212906041,9.25111822634748,1.37940306425665,0.384377804247297
"S13","Control","TypeA","Gene_15",8.70793706325648,9.81402082898414,-1.10608376572766,2.15260523045668
"S13","Control","TypeA","Gene_16",10.975212851667,10.5112838114979,0.463929040169129,0.725009075573707
"S13","Control","TypeA","Gene_17",8.45836129816211,9.76799379112875,-1.30963249296664,2.47878388280483
"S13","Control","TypeA","Gene_18",14.5072417064136,10.2709415401643,4.23630016624928,0.0530574751485712
"S13","Control","TypeA","Gene_19",9.83571880258845,9.79290970959687,0.0428090929915719,0.970762919080257
"S13","Control","TypeA","Gene_20",9.1284597336832,10.4553288367821,-1.32686910309891,2.50857679349195
"S14","Control","TypeB","Gene_01",11.4259199294838,10.0446837020647,1.38123622741909,0.383889704037035
"S14","Control","TypeB","Gene_02",9.98341741990479,9.94318377749071,0.0402336424140781,0.972497440078549
"S14","Control","TypeB","Gene_03",11.3755798773885,10.5679540875911,0.807625789797417,0.571321295093714
"S14","Control","TypeB","Gene_04",9.61249034016193,9.96384179198107,-0.351351451819141,1.27575513777726
"S14","Control","TypeB","Gene_05",9.2376453189458,9.32661440656514,-0.0889690876193416,1.06360988286141
"S14","Control","TypeB","Gene_06",9.91145141319511,9.47907119714332,0.432380216051795,0.741038181749555
"S14","Control","TypeB","Gene_07",10.8931662773239,10.2878150898837,0.605351187440222,0.657311354883143
"S14","Control","TypeB","Gene_08",6.62988037282871,9.61483954951655,-2.98495917668784,7.91702922343015
"S14","Control","TypeB","Gene_09",8.53264933113901,9.74835172316406,-1.21570239202504,2.32253830699521
"S14","Control","TypeB","Gene_10",8.77726906424085,9.01933483514621,-0.242065770905359,1.18268491634036
"S14","Control","TypeB","Gene_11",7.34882228576656,9.72103156028108,-2.37220927451451,5.17733357732334
"S14","Control","TypeB","Gene_12",6.99567696392998,9.83712764645966,-2.84145068252968,7.16740403154596
"S14","Control","TypeB","Gene_13",8.64397168621803,9.27302750091981,-0.629055814701783,1.54655250647222
"S14","Control","TypeB","Gene_14",11.0790510341857,9.25111822634748,1.82793280783817,0.281667925236989
"S14","Control","TypeB","Gene_15",9.07279028179236,9.81402082898414,-0.741230547191778,1.67160102358663
"S14","Control","TypeB","Gene_16",8.33565997514902,10.5112838114979,-2.17562383634888,4.5178107452983
"S14","Control","TypeB","Gene_17",10.2322682331319,9.76799379112875,0.464274442003111,0.724835518804846
"S14","Control","TypeB","Gene_18",7.43200712394097,10.2709415401643,-2.83893441622333,7.15491395013277
"S14","Control","TypeB","Gene_19",11.997183146633,9.79290970959687,2.20427343703614,0.216993925685806
"S14","Control","TypeB","Gene_20",8.93624476172225,10.4553288367821,-1.51908407505987,2.86609032127883
"S15","Control","TypeA","Gene_01",10.3193211824361,10.0446837020647,0.274637480371467,0.826658014236351
"S15","Control","TypeA","Gene_02",10.2168271815133,9.94318377749071,0.273643404022605,0.82722781196626
"S15","Control","TypeA","Gene_03",13.8360726041719,10.5679540875911,3.2681185165808,0.103800225531344
"S15","Control","TypeA","Gene_04",8.56665260506631,9.96384179198107,-1.39718918691475,2.6338792135817
"S15","Control","TypeA","Gene_05",12.5082494237422,9.32661440656514,3.18163501717703,0.110212898621913
"S15","Control","TypeA","Gene_06",10.2804548943927,9.47907119714332,0.801383697249372,0.573798579926955
"S15","Control","TypeA","Gene_07",8.54689690867276,10.2878150898837,-1.74091818121092,3.34247827013699
"S15","Control","TypeA","Gene_08",10.0797812212532,9.61483954951655,0.464941671736625,0.724500368286867
"S15","Control","TypeA","Gene_09",11.7108518933111,9.74835172316406,1.96250017014708,0.256583415711934
"S15","Control","TypeA","Gene_10",9.36627105049699,9.01933483514621,0.346936215350784,0.786252053265428
"S15","Control","TypeA","Gene_11",8.67314404889929,9.72103156028108,-1.04788751138179,2.06750026079975
"S15","Control","TypeA","Gene_12",10.522836732782,9.83712764645966,0.68570908632233,0.621700185166028
"S15","Control","TypeA","Gene_13",12.1945022096438,9.27302750091981,2.92147470872399,0.131992264890229
"S15","Control","TypeA","Gene_14",10.0703918499419,9.25111822634748,0.819273623594368,0.566727209906498
"S15","Control","TypeA","Gene_15",7.44325541216672,9.81402082898414,-2.37076541681742,5.17215466335106
"S15","Control","TypeA","Gene_16",7.60395671053548,10.5112838114979,-2.90732710096243,7.50226956173999
"S15","Control","TypeA","Gene_17",8.68051786913033,9.76799379112875,-1.08747592199842,2.12501926721511
"S15","Control","TypeA","Gene_18",9.16309226853729,10.2709415401643,-1.10784927162701,2.155241105314
"S15","Control","TypeA","Gene_19",10.174454389203,9.79290970959687,0.38154467960608,0.767615272261647
"S15","Control","TypeA","Gene_20",11.5583046612788,10.4553288367821,1.10297582449665,0.465555211243149
"S16","Control","TypeB","Gene_01",7.3280374496862,10.0446837020647,-2.71664625237848,6.57342950130205
"S16","Control","TypeB","Gene_02",10.8676373464325,9.94318377749071,0.924453568941745,0.526880039770766
"S16","Control","TypeB","Gene_03",13.399722956528,10.5679540875911,2.83176886893692,0.140459988868576
"S16","Control","TypeB","Gene_04",12.1413467700094,9.96384179198107,2.17750497802838,0.221057719760996
"S16","Control","TypeB","Gene_05",7.91937610431953,9.32661440656514,-1.40723830224561,2.65228958571086
"S16","Control","TypeB","Gene_06",11.5351094416326,9.47907119714332,2.05603824448933,0.240475488802549
"S16","Control","TypeB","Gene_07",7.57271072971455,10.2878150898837,-2.71510436016914,6.56640784726669
"S16","Control","TypeB","Gene_08",8.44385533054269,9.61483954951655,-1.17098421897386,2.25165254227137
"S16","Control","TypeB","Gene_09",12.4354023425042,9.74835172316406,2.68705061934014,0.15528058685142
"S16","Control","TypeB","Gene_10",9.48801169125908,9.01933483514621,0.468676856112872,0.722627039374313
"S16","Control","TypeB","Gene_11",11.1219817467924,9.72103156028108,1.40095018651136,0.378679653824598
"S16","Control","TypeB","Gene_12",9.06212292255008,9.83712764645966,-0.775004723909579,1.71119565443452
"S16","Control","TypeB","Gene_13",7.5402743591469,9.27302750091981,-1.73275314177291,3.32361469705016
"S16","Control","TypeB","Gene_14",8.99536777474487,9.25111822634748,-0.255750451602617,1.19395664603205
"S16","Control","TypeB","Gene_15",8.51595944472832,9.81402082898414,-1.29806138425582,2.45898235786108
"S16","Control","TypeB","Gene_16",9.72441802640837,10.5112838114979,-0.786865785089541,1.72532217371227
"S16","Control","TypeB","Gene_17",10.0203767506236,9.76799379112875,0.252382959494815,0.839508618073642
"S16","Control","TypeB","Gene_18",10.3862833873194,10.2709415401643,0.115341847155129,0.923163540848951
"S16","Control","TypeB","Gene_19",10.206504711493,9.79290970959687,0.413595001896145,0.75075027226757
"S16","Control","TypeB","Gene_20",14.4774032518429,10.4553288367821,4.02207441506082,0.0615509777633672
"S17","Control","TypeA","Gene_01",8.47163669317656,10.0446837020647,-1.57304700888812,2.97532447149498
"S17","Control","TypeA","Gene_02",9.99944835080578,9.94318377749071,0.0562645733150671,0.96175106464917
"S17","Control","TypeA","Gene_03",12.5581698262229,10.5679540875911,1.9902157386318,0.251701245641767
"S17","Control","TypeA","Gene_04",9.47832908601935,9.96384179198107,-0.485512705961714,1.40008333977949
"S17","Control","TypeA","Gene_05",11.7795867113932,9.32661440656514,2.4529723048281,0.182634053279488
"S17","Control","TypeA","Gene_06",6.01217422308471,9.47907119714332,-3.46689697405861,11.0570680151363
"S17","Control","TypeA","Gene_07",12.1939983453491,10.2878150898837,1.90618325546539,0.266797442943493
"S17","Control","TypeA","Gene_08",7.92016495126175,9.61483954951655,-1.6946745982548,3.23703866555748
"S17","Control","TypeA","Gene_09",8.74842312368441,9.74835172316406,-0.999928599479642,1.99990102031057
"S17","Control","TypeA","Gene_10",7.08244777479324,9.01933483514621,-1.93688706035297,3.82878608913235
"S17","Control","TypeA","Gene_11",9.56902392745102,9.72103156028108,-0.152007632830053,1.11111460718541
"S17","Control","TypeA","Gene_12",12.8719633980552,9.83712764645966,3.03483575159556,0.122017860834571
"S17","Control","TypeA","Gene_13",14.1456120050953,9.27302750091981,4.87258450417549,0.0341354716466412
"S17","Control","TypeA","Gene_14",7.1476274903553,9.25111822634748,-2.10349073599219,4.29747943527437
"S17","Control","TypeA","Gene_15",10.2731675153983,9.81402082898414,0.459146686414178,0.727416377797461
"S17","Control","TypeA","Gene_16",12.0783287720807,10.5112838114979,1.5670449605828,0.337498978196981
"S17","Control","TypeA","Gene_17",8.90997166002303,9.76799379112875,-0.858022131105718,1.81255168106997
"S17","Control","TypeA","Gene_18",8.8649356991797,10.2709415401643,-1.4060058409846,2.65002476312327
"S17","Control","TypeA","Gene_19",8.69172938549923,9.79290970959687,-1.10118032409764,2.14530136054121
"S17","Control","TypeA","Gene_20",10.496950742815,10.4553288367821,0.0416219060328924,0.971562084086652
"S18","Control","TypeB","Gene_01",9.27619288506263,10.0446837020647,-0.768490817002046,1.703486857501
"S18","Control","TypeB","Gene_02",9.81675371362166,9.94318377749071,-0.126430063869053,1.09158922864299
"S18","Control","TypeB","Gene_03",12.5682936071196,10.5679540875911,2.00033951952848,0.249941172671418
"S18","Control","TypeB","Gene_04",11.2592928972538,9.96384179198107,1.2954511052727,0.407408756756388
"S18","Control","TypeB","Gene_05",9.97592369136788,9.32661440656514,0.649309284802738,0.637585495679116
"S18","Control","TypeB","Gene_06",9.29844577489601,9.47907119714332,-0.180625422247312,1.13337510787927
"S18","Control","TypeB","Gene_07",11.0464516734428,10.2878150898837,0.758636583559097,0.591054642019801
"S18","Control","TypeB","Gene_08",12.4176080243054,9.61483954951655,2.80276847478888,0.143312020233805
"S18","Control","TypeB","Gene_09",7.38256932868706,9.74835172316406,-2.365782394477,5.1543210233821
"S18","Control","TypeB","Gene_10",9.03431881517372,9.01933483514621,0.0149839800275124,0.98966764582044
"S18","Control","TypeB","Gene_11",9.34781345503312,9.72103156028108,-0.373218105247954,1.29523879700867
"S18","Control","TypeB","Gene_12",8.06260474305541,9.83712764645966,-1.77452290340425,3.42124851504423
"S18","Control","TypeB","Gene_13",8.37778940890414,9.27302750091981,-0.895238092015671,1.85991680719543
"S18","Control","TypeB","Gene_14",10.3704011608829,9.25111822634748,1.11928293453546,0.460322563463293
"S18","Control","TypeB","Gene_15",11.6862904865221,9.81402082898414,1.87226965753794,0.273143376130005
"S18","Control","TypeB","Gene_16",13.3289512788493,10.5112838114979,2.81766746735135,0.14183962504165
"S18","Control","TypeB","Gene_17",6.55696114433772,9.76799379112875,-3.21103264679103,9.26013128134935
"S18","Control","TypeB","Gene_18",8.97038777427133,10.2709415401643,-1.30055376589297,2.46323413616656
"S18","Control","TypeB","Gene_19",9.75240628487231,9.79290970959687,-0.0405034247245659,1.0284726469331
"S18","Control","TypeB","Gene_20",7.04895265956139,10.4553288367821,-3.40637617722072,10.6028204208789
"S19","Control","TypeA","Gene_01",8.46555984328457,10.0446837020647,-1.57912385878011,2.98788342006933
"S19","Control","TypeA","Gene_02",8.57512396192838,9.94318377749071,-1.36805981556233,2.58123199911493
"S19","Control","TypeA","Gene_03",5.64259416335345,10.5679540875911,-4.92535992423768,30.3865277701057
"S19","Control","TypeA","Gene_04",10.4471004622207,9.96384179198107,0.483258670239632,0.715359986936609
"S19","Control","TypeA","Gene_05",8.75641748913793,9.32661440656514,-0.570196917427216,1.48472621117688
"S19","Control","TypeA","Gene_06",13.0612457493119,9.47907119714332,3.5821745521686,0.0834945272566973
"S19","Control","TypeA","Gene_07",11.6121752604778,10.2878150898837,1.32436017059407,0.399326253488314
"S19","Control","TypeA","Gene_08",7.11320423138199,9.61483954951655,-2.50163531813456,5.66327002066983
"S19","Control","TypeA","Gene_09",10.2170542036593,9.74835172316406,0.46870248049521,0.722614204570991
"S19","Control","TypeA","Gene_10",8.83272139318128,9.01933483514621,-0.186613441964926,1.13808904680403
"S19","Control","TypeA","Gene_11",11.7968256989166,9.72103156028108,2.07579413863554,0.237204923668542
"S19","Control","TypeA","Gene_12",10.1264041926449,9.83712764645966,0.28927654618526,0.818312306554003
"S19","Control","TypeA","Gene_13",8.90621610995828,9.27302750091981,-0.36681139096153,1.28949965841536
"S19","Control","TypeA","Gene_14",10.897057433993,9.25111822634748,1.64593920764555,0.31953830523787
"S19","Control","TypeA","Gene_15",10.3254796789324,9.81402082898414,0.511458849948289,0.701512711032471
"S19","Control","TypeA","Gene_16",9.69102819814846,10.5112838114979,-0.820255613349444,1.76571881081744
"S19","Control","TypeA","Gene_17",14.0600446045995,9.76799379112875,4.29205081347079,0.051046264001325
"S19","Control","TypeA","Gene_18",8.96149158901307,10.2709415401643,-1.30944995115123,2.47847026622441
"S19","Control","TypeA","Gene_19",9.07868941567951,9.79290970959687,-0.714220293917368,1.64059631594005
"S19","Control","TypeA","Gene_20",6.92838951361254,10.4553288367821,-3.52693932316957,11.5269531802119
"S20","Control","TypeB","Gene_01",13.2814133323134,10.0446837020647,3.23672963024874,0.106083366513127
"S20","Control","TypeB","Gene_02",13.1133298800373,9.94318377749071,3.17014610254662,0.111094084015108
"S20","Control","TypeB","Gene_03",11.0665444969609,10.5679540875911,0.498590409369772,0.707798000157729
"S20","Control","TypeB","Gene_04",13.2562149630801,9.96384179198107,3.29237317109899,0.102069718865746
"S20","Control","TypeB","Gene_05",7.76163460527547,9.32661440656514,-1.56497980128968,2.95873359392806
"S20","Control","TypeB","Gene_06",11.1267839639826,9.47907119714332,1.64771276683925,0.319145726154631
"S20","Control","TypeB","Gene_07",8.60884356940053,10.2878150898837,-1.67897152048316,3.20199603300887
"S20","Control","TypeB","Gene_08",10.0630295078707,9.61483954951655,0.448189958354103,0.732961863813575
"S20","Control","TypeB","Gene_09",8.48538407087909,9.74835172316406,-1.26296765228497,2.39988895448708
"S20","Control","TypeB","Gene_10",8.47002015568792,9.01933483514621,-0.549314679458291,1.46339037940429
"S20","Control","TypeB","Gene_11",10.9706078400911,9.72103156028108,1.24957627980999,0.420571711592462
"S20","Control","TypeB","Gene_12",6.46514831278624,9.83712764645966,-3.37197933367342,10.3530169298416
"S20","Control","TypeB","Gene_13",9.89570987219469,9.27302750091981,0.622682371274877,0.649462273483953
"S20","Control","TypeB","Gene_14",10.7395535497154,9.25111822634748,1.48843532336794,0.356398872190794
"S20","Control","TypeB","Gene_15",9.59060384478459,9.81402082898414,-0.223416984199551,1.16749549594104
"S20","Control","TypeB","Gene_16",10.6068576839511,10.5112838114979,0.0955738724531532,0.935899892926333
"S20","Control","TypeB","Gene_17",9.75977722881159,9.76799379112875,-0.00821656231716439,1.00571153598396
"S20","Control","TypeB","Gene_18",13.6342266740465,10.2709415401643,3.36328513388217,0.0971740471332719
"S20","Control","TypeB","Gene_19",11.8259160052568,9.79290970959687,2.03300629565997,0.244345375321394
"S20","Control","TypeB","Gene_20",16.3292695419461,10.4553288367821,5.87394070516398,0.0170516988902315
"S21","Treatment","TypeA","Gene_01",5.02185864067698,10.0446837020647,-5.0228250613877,32.5103021958632
"S21","Treatment","TypeA","Gene_02",6.58442747209785,9.94318377749071,-3.35875630539286,10.2585598384859
"S21","Treatment","TypeA","Gene_03",9.27321941319744,10.5679540875911,-1.29473467439369,2.45331872391548
"S21","Treatment","TypeA","Gene_04",9.86898229967126,9.96384179198107,-0.0948594923098049,1.06796139154296
"S21","Treatment","TypeA","Gene_05",3.10576133336768,9.32661440656514,-6.22085307319746,74.5870402079884
"S21","Treatment","TypeA","Gene_06",5.50198645037316,9.47907119714332,-3.97708474677016,15.7478693864755
"S21","Treatment","TypeA","Gene_07",8.32218025424282,10.2878150898837,-1.96563483564087,3.90584537186556
"S21","Treatment","TypeA","Gene_08",4.96964025915443,9.61483954951655,-4.64519929036213,25.023284996727
"S21","Treatment","TypeA","Gene_09",11.0081275695438,9.74835172316406,1.25977584637972,0.417608839164684
"S21","Treatment","TypeA","Gene_10",4.69639732618106,9.01933483514621,-4.32293750896515,20.013998346999
"S21","Treatment","TypeA","Gene_11",9.90564780463495,9.72103156028108,0.184616244353869,0.879883092946559
"S21","Treatment","TypeA","Gene_12",8.83662403829992,9.83712764645966,-1.00050360815974,2.0006982710193
"S21","Treatment","TypeA","Gene_13",8.63674010532588,9.27302750091981,-0.636287395593925,1.5543241396711
"S21","Treatment","TypeA","Gene_14",9.05177337164993,9.25111822634748,-0.199344854697552,1.14817683557578
"S21","Treatment","TypeA","Gene_15",10.2486578859697,9.81402082898414,0.434637056985581,0.739879864956642
"S21","Treatment","TypeA","Gene_16",10.411721432432,10.5112838114979,-0.0995623790658922,1.07144840466829
"S21","Treatment","TypeA","Gene_17",9.16786085448211,9.76799379112875,-0.600132936646636,1.51585623813572
"S21","Treatment","TypeA","Gene_18",5.76916741587292,10.2709415401643,-4.50177412429138,22.6552597105062
"S21","Treatment","TypeA","Gene_19",6.74060967991008,9.79290970959687,-3.0523000296868,8.29533376564557
"S21","Treatment","TypeA","Gene_20",6.67975272860923,10.4553288367821,-3.77557610817288,13.6949881080133
"S22","Treatment","TypeB","Gene_01",10.6582562586866,10.0446837020647,0.613572556621943,0.653576240597915
"S22","Treatment","TypeB","Gene_02",6.92181060799517,9.94318377749071,-3.02137316949555,8.11940027636372
"S22","Treatment","TypeB","Gene_03",9.18362764501524,10.5679540875911,-1.38432644257589,2.61050051368794
"S22","Treatment","TypeB","Gene_04",9.68827339147745,9.96384179198107,-0.275568400503619,1.21047090291302
"S22","Treatment","TypeB","Gene_05",5.59214765643653,9.32661440656514,-3.73446675012861,13.3102590995004
"S22","Treatment","TypeB","Gene_06",7.62684506848094,9.47907119714332,-1.85222612866238,3.61056878765825
"S22","Treatment","TypeB","Gene_07",7.45800247375525,10.2878150898837,-2.82981261612844,7.10981793348423
"S22","Treatment","TypeB","Gene_08",9.61369932140389,9.61483954951655,-0.00114022811266068,1.00079065830711
"S22","Treatment","TypeB","Gene_09",10.6604194595141,9.74835172316406,0.912067736350032,0.53142288561943
"S22","Treatment","TypeB","Gene_10",9.41390454653188,9.01933483514621,0.394569711385667,0.760716228945054
"S22","Treatment","TypeB","Gene_11",9.38675133564025,9.72103156028108,-0.334280224640828,1.26074825165872
"S22","Treatment","TypeB","Gene_12",8.07328153748058,9.83712764645966,-1.76384610897908,3.39602271568693
"S22","Treatment","TypeB","Gene_13",9.64771700578609,9.27302750091981,0.374689504866282,0.771271386965763
"S22","Treatment","TypeB","Gene_14",7.98554805379198,9.25111822634748,-1.26557017255551,2.40422209234242
"S22","Treatment","TypeB","Gene_15",8.11005387418329,9.81402082898414,-1.70396695480085,3.25795562734456
"S22","Treatment","TypeB","Gene_16",7.60233948805034,10.5112838114979,-2.90894432344757,7.51068412026843
"S22","Treatment","TypeB","Gene_17",11.7163810737782,9.76799379112875,1.94838728264945,0.25910571057686
"S22","Treatment","TypeB","Gene_18",12.2739092628793,10.2709415401643,2.00296772271504,0.249486261420764
"S22","Treatment","TypeB","Gene_19",9.21807596003434,9.79290970959687,-0.574833749562529,1.48950580850838
"S22","Treatment","TypeB","Gene_20",7.78601086987486,10.4553288367821,-2.66931796690725,6.36128386648732
"S23","Treatment","TypeA","Gene_01",9.4104299514719,10.0446837020647,-0.634253750592784,1.55213468409211
"S23","Treatment","TypeA","Gene_02",6.42550851162405,9.94318377749071,-3.51767526586667,11.4531716616605
"S23","Treatment","TypeA","Gene_03",9.55494755692445,10.5679540875911,-1.01300653066668,2.01811240308473
"S23","Treatment","TypeA","Gene_04",7.31078615147353,9.96384179198107,-2.65305564050754,6.28998091852212
"S23","Treatment","TypeA","Gene_05",9.44340446533653,9.32661440656514,0.116790058771388,0.922237312279506
"S23","Treatment","TypeA","Gene_06",8.48171911621365,9.47907119714332,-0.997352080929664,1.99633257134857
"S23","Treatment","TypeA","Gene_07",14.0558786734946,10.2878150898837,3.7680635836109,0.0734006381578738
"S23","Treatment","TypeA","Gene_08",9.0709653998775,9.61483954951655,-0.543874149639048,1.45788219808995
"S23","Treatment","TypeA","Gene_09",6.90582322719266,9.74835172316406,-2.84252849597139,7.17276068043087
"S23","Treatment","TypeA","Gene_10",8.11113902729797,9.01933483514621,-0.908195807848241,1.8766970879105
"S23","Treatment","TypeA","Gene_11",10.0593719348686,9.72103156028108,0.338340374587553,0.790950670427372
"S23","Treatment","TypeA","Gene_12",5.51690007226529,9.83712764645966,-4.32022757419437,19.9764396656653
"S23","Treatment","TypeA","Gene_13",5.71008147569802,9.27302750091981,-3.56294602522179,11.8182623500589
"S23","Treatment","TypeA","Gene_14",7.07525615291407,9.25111822634748,-2.17586207343342,4.51855684818364
"S23","Treatment","TypeA","Gene_15",8.62304215250623,9.81402082898414,-1.19097867647791,2.28307566937132
"S23","Treatment","TypeA","Gene_16",11.7967056628885,10.5112838114979,1.28542185139056,0.410250827430132
"S23","Treatment","TypeA","Gene_17",8.77050623591995,9.76799379112875,-0.997487555208805,1.99652004299501
"S23","Treatment","TypeA","Gene_18",9.64366279674089,10.2709415401643,-0.627278743423403,1.54464867926252
"S23","Treatment","TypeA","Gene_19",9.18968754611838,9.79290970959687,-0.603222163478495,1.51910560189652
"S23","Treatment","TypeA","Gene_20",7.90842717157422,10.4553288367821,-2.54690166520789,5.84377918579062
"S24","Treatment","TypeB","Gene_01",7.51466494728871,10.0446837020647,-2.53001875477597,5.77579186585704
"S24","Treatment","TypeB","Gene_02",8.99906743379585,9.94318377749071,-0.944116343694867,1.92401006160191
"S24","Treatment","TypeB","Gene_03",10.9695372918212,10.5679540875911,0.401583204230089,0.757027070631703
"S24","Treatment","TypeB","Gene_04",3.97426103632135,9.96384179198107,-5.98958075565972,63.5394525849424
"S24","Treatment","TypeB","Gene_05",7.54168888891414,9.32661440656514,-1.784925517651,3.44600672647298
"S24","Treatment","TypeB","Gene_06",6.74046061707312,9.47907119714332,-2.7386105800702,6.67427245090893
"S24","Treatment","TypeB","Gene_07",8.1095956846152,10.2878150898837,-2.17821940526848,4.52594610557945
"S24","Treatment","TypeB","Gene_08",9.4612504733936,9.61483954951655,-0.153589076122948,1.11233324877187
"S24","Treatment","TypeB","Gene_09",9.1927965663589,9.74835172316406,-0.555555156805152,1.46973408605174
"S24","Treatment","TypeB","Gene_10",11.9888190244776,9.01933483514621,2.96948418933139,0.127672154525711
"S24","Treatment","TypeB","Gene_11",5.78939153268572,9.72103156028108,-3.93164002759536,15.2595448658125
"S24","Treatment","TypeB","Gene_12",11.3128659133251,9.83712764645966,1.47573826686546,0.359549356589957
"S24","Treatment","TypeB","Gene_13",6.87762424333913,9.27302750091981,-2.39540325758067,5.26124144097132
"S24","Treatment","TypeB","Gene_14",11.2121208132914,9.25111822634748,1.96100258694389,0.256849899278333
"S24","Treatment","TypeB","Gene_15",10.2159728910557,9.81402082898414,0.401952062071521,0.756833544162237
"S24","Treatment","TypeB","Gene_16",11.9712116129539,10.5112838114979,1.45992780145598,0.36351132051438
"S24","Treatment","TypeB","Gene_17",10.1943130048839,9.76799379112875,0.426319213755109,0.744157955403462
"S24","Treatment","TypeB","Gene_18",6.89928862608203,10.2709415401643,-3.37165291408226,10.3506747541375
"S24","Treatment","TypeB","Gene_19",6.02104193102203,9.79290970959687,-3.77186777857484,13.6598314642522
"S24","Treatment","TypeB","Gene_20",11.1186353475317,10.4553288367821,0.663306510749623,0.631429465022214
"S25","Treatment","TypeA","Gene_01",6.27014710732815,10.0446837020647,-3.77453659473653,13.6851239328698
"S25","Treatment","TypeA","Gene_02",4.62428689426877,9.94318377749071,-5.31889688322194,39.9160451958068
"S25","Treatment","TypeA","Gene_03",7.50579624512513,10.5679540875911,-3.062157842466,8.35220916839128
"S25","Treatment","TypeA","Gene_04",9.73084841143528,9.96384179198107,-0.232993380545786,1.17527093596345
"S25","Treatment","TypeA","Gene_05",11.9534474281389,9.32661440656514,2.6268330215738,0.161899112076926
"S25","Treatment","TypeA","Gene_06",6.81778384115924,9.47907119714332,-2.66128735598408,6.32597281455886
"S25","Treatment","TypeA","Gene_07",7.66442802303414,10.2878150898837,-2.62338706684955,6.16195038827222
"S25","Treatment","TypeA","Gene_08",9.22457538155737,9.61483954951655,-0.390264167959181,1.31063336839412
"S25","Treatment","TypeA","Gene_09",9.80788646739249,9.74835172316406,0.0595347442284364,0.959573522995043
"S25","Treatment","TypeA","Gene_10",8.83094761647938,9.01933483514621,-0.188387218666826,1.13948917453801
"S25","Treatment","TypeA","Gene_11",6.22614992361484,9.72103156028108,-3.49488163666624,11.2736410774786
"S25","Treatment","TypeA","Gene_12",7.17335323473459,9.83712764645966,-2.66377441172507,6.33688753695088
"S25","Treatment","TypeA","Gene_13",10.513361458438,9.27302750091981,1.2403339575182,0.423274664496006
"S25","Treatment","TypeA","Gene_14",6.78143649873994,9.25111822634748,-2.46968172760754,5.53921573340998
"S25","Treatment","TypeA","Gene_15",11.7976591746089,9.81402082898414,1.98363834562472,0.252851396983871
"S25","Treatment","TypeA","Gene_16",7.00788335539905,10.5112838114979,-3.50340045609885,11.3404065487566
"S25","Treatment","TypeA","Gene_17",9.31360331807247,9.76799379112875,-0.45439047305628,1.37020378269663
"S25","Treatment","TypeA","Gene_18",9.69607252007211,10.2709415401643,-0.574869020092187,1.48954222389728
"S25","Treatment","TypeA","Gene_19",9.67508496656508,9.79290970959687,-0.11782474303179,1.08509754744745
"S25","Treatment","TypeA","Gene_20",10.0046390782683,10.4553288367821,-0.450689758513859,1.36669352244846
"S26","Treatment","TypeB","Gene_01",8.57135100463776,10.0446837020647,-1.47333269742692,2.7766256770873
"S26","Treatment","TypeB","Gene_02",9.66342075314039,9.94318377749071,-0.279763024350329,1.21399545833258
"S26","Treatment","TypeB","Gene_03",9.49369030055248,10.5679540875911,-1.07426378703865,2.10564727759836
"S26","Treatment","TypeB","Gene_04",5.50047926197262,9.96384179198107,-4.46336253000845,22.0600251410662
"S26","Treatment","TypeB","Gene_05",9.27924531372425,9.32661440656514,-0.0473690928408903,1.03337872899998
"S26","Treatment","TypeB","Gene_06",3.0515093388369,9.47907119714332,-6.42756185830642,86.0773559682702
"S26","Treatment","TypeB","Gene_07",8.78763788792724,10.2878150898837,-1.50017720195645,2.82877455340427
"S26","Treatment","TypeB","Gene_08",6.48112604263814,9.61483954951655,-3.13371350687841,8.77691239163043
"S26","Treatment","TypeB","Gene_09",4.35364012902674,9.74835172316406,-5.39471159413732,42.0697574169978
"S26","Treatment","TypeB","Gene_10",4.72362724314312,9.01933483514621,-4.29570759200309,19.6397899116622
"S26","Treatment","TypeB","Gene_11",9.6016380394721,9.72103156028108,-0.119393520808977,1.08627811765013
"S26","Treatment","TypeB","Gene_12",13.4602288395972,9.83712764645966,3.62310119313757,0.0811592198222339
"S26","Treatment","TypeB","Gene_13",10.1730261324688,9.27302750091981,0.899998631548982,0.535887239577297
"S26","Treatment","TypeB","Gene_14",11.8878435932364,9.25111822634748,2.63672536688894,0.160792791218976
"S26","Treatment","TypeB","Gene_15",11.3036127523001,9.81402082898414,1.48959192331592,0.356113263856394
"S26","Treatment","TypeB","Gene_16",8.31704344842345,10.5112838114979,-2.19424036307445,4.57648630389779
"S26","Treatment","TypeB","Gene_17",11.5341959611387,9.76799379112875,1.7662021700099,0.29398161299245
"S26","Treatment","TypeB","Gene_18",10.3321769351585,10.2709415401643,0.0612353949942133,0.958443042931187
"S26","Treatment","TypeB","Gene_19",10.0394725894791,9.79290970959687,0.246562879882216,0.842902180549383
"S26","Treatment","TypeB","Gene_20",11.6285004728004,10.4553288367821,1.17317163601824,0.443445393172977
"S27","Treatment","TypeA","Gene_01",9.11261800950881,10.0446837020647,-0.932065692555874,1.90800597942505
"S27","Treatment","TypeA","Gene_02",9.75464863147758,9.94318377749071,-0.188535146013132,1.13960601853277
"S27","Treatment","TypeA","Gene_03",9.93764224275244,10.5679540875911,-0.630311844838694,1.54789954263553
"S27","Treatment","TypeA","Gene_04",8.37116119757385,9.96384179198107,-1.59268059440722,3.01609233142826
"S27","Treatment","TypeA","Gene_05",11.0676886657532,9.32661440656514,1.74107425918807,0.299146842561522
"S27","Treatment","TypeA","Gene_06",10.1482636412742,9.47907119714332,0.669192444130848,0.628858595550092
"S27","Treatment","TypeA","Gene_07",8.57572562247225,10.2878150898837,-1.71208946741144,3.27634996498135
"S27","Treatment","TypeA","Gene_08",11.3498798590374,9.61483954951655,1.73504030952087,0.300400618941767
"S27","Treatment","TypeA","Gene_09",14.2943717531752,9.74835172316406,4.54602003001114,0.0428066863026494
"S27","Treatment","TypeA","Gene_10",10.1849838282898,9.01933483514621,1.16564899314357,0.445763688799926
"S27","Treatment","TypeA","Gene_11",9.95422792625892,9.72103156028108,0.233196365977843,0.850747925879775
"S27","Treatment","TypeA","Gene_12",12.5360434975265,9.83712764645966,2.69891585106684,0.154008741878388
"S27","Treatment","TypeA","Gene_13",9.68234186362641,9.27302750091981,0.409314362706596,0.752981141132399
"S27","Treatment","TypeA","Gene_14",10.6101187292083,9.25111822634748,1.35900050286086,0.389852285420056
"S27","Treatment","TypeA","Gene_15",13.1148317379162,9.81402082898414,3.30081090893204,0.101474496803914
"S27","Treatment","TypeA","Gene_16",10.3620126377467,10.5112838114979,-0.149271173751165,1.10900907704274
"S27","Treatment","TypeA","Gene_17",7.65271600401229,9.76799379112875,-2.11527778711646,4.33273435833931
"S27","Treatment","TypeA","Gene_18",12.8377480073532,10.2709415401643,2.56680646718895,0.168777387555151
"S27","Treatment","TypeA","Gene_19",8.30388589212044,9.79290970959687,-1.48902381747643,2.80698979233682
"S27","Treatment","TypeA","Gene_20",8.79976582480125,10.4553288367821,-1.65556301198087,3.1504611343923
"S28","Treatment","TypeB","Gene_01",4.86362542393224,10.0446837020647,-5.18105827813244,36.2788866766625
"S28","Treatment","TypeB","Gene_02",7.9756637921714,9.94318377749071,-1.96751998531932,3.91095242198122
"S28","Treatment","TypeB","Gene_03",7.6754769245543,10.5679540875911,-2.89247716303683,7.42544332808851
"S28","Treatment","TypeB","Gene_04",6.16043394977378,9.96384179198107,-3.80340784220729,13.9617496467933
"S28","Treatment","TypeB","Gene_05",8.2767640093545,9.32661440656514,-1.04985039721064,2.0703151515952
"S28","Treatment","TypeB","Gene_06",6.15383682502242,9.47907119714332,-3.3252343721209,10.0229436477843
"S28","Treatment","TypeB","Gene_07",8.96649329922039,10.2878150898837,-1.3213217906633,2.49894957558145
"S28","Treatment","TypeB","Gene_08",6.61388353193063,9.61483954951655,-3.00095601758593,8.0053030440199
"S28","Treatment","TypeB","Gene_09",10.9311523460117,9.74835172316406,1.18280062284764,0.440495558335135
"S28","Treatment","TypeB","Gene_10",13.0017226663453,9.01933483514621,3.98238783119904,0.0632676652998184
"S28","Treatment","TypeB","Gene_11",10.3550224647401,9.72103156028108,0.633990904459033,0.644391377826446
"S28","Treatment","TypeB","Gene_12",11.217344934835,9.83712764645966,1.38021728837529,0.38416093140157
"S28","Treatment","TypeB","Gene_13",10.8796238775324,9.27302750091981,1.60659637661263,0.328372137314613
"S28","Treatment","TypeB","Gene_14",7.43488096252921,9.25111822634748,-1.81623726381828,3.52161516704791
"S28","Treatment","TypeB","Gene_15",10.5030325340012,9.81402082898414,0.689011705017053,0.620278616331049
"S28","Treatment","TypeB","Gene_16",11.8945004262582,10.5112838114979,1.38321661476025,0.383363100195161
"S28","Treatment","TypeB","Gene_17",11.4371420498585,9.76799379112875,1.66914825872973,0.314438927944282
"S28","Treatment","TypeB","Gene_18",10.1104513224174,10.2709415401643,-0.16049021774689,1.11766684898352
"S28","Treatment","TypeB","Gene_19",8.02282903683714,9.79290970959687,-1.77008067275973,3.41073028328279
"S28","Treatment","TypeB","Gene_20",11.7510247515929,10.4553288367821,1.29569591481076,0.407339629820335
"S29","Treatment","TypeA","Gene_01",8.64756398974796,10.0446837020647,-1.39711971231672,2.63375237922757
"S29","Treatment","TypeA","Gene_02",5.61906866865138,9.94318377749071,-4.32411510883933,20.0303414429215
"S29","Treatment","TypeA","Gene_03",9.7639384282094,10.5679540875911,-0.804015659381729,1.74595413319832
"S29","Treatment","TypeA","Gene_04",7.5762615070577,9.96384179198107,-2.38758028492337,5.23278971855379
"S29","Treatment","TypeA","Gene_05",11.0349640493297,9.32661440656514,1.70834964276453,0.3060099264145
"S29","Treatment","TypeA","Gene_06",7.06733044665099,9.47907119714332,-2.41174075049233,5.32115987626883
"S29","Treatment","TypeA","Gene_07",6.5094882181509,10.2878150898837,-3.77832687173279,13.7211250323098
"S29","Treatment","TypeA","Gene_08",8.39579051507199,9.61483954951655,-1.21904903444456,2.32793218942146
"S29","Treatment","TypeA","Gene_09",9.13653982980025,9.74835172316406,-0.611811893363811,1.52817725549008
"S29","Treatment","TypeA","Gene_10",9.13945166646169,9.01933483514621,0.120116831315482,0.920113135652711
"S29","Treatment","TypeA","Gene_11",8.0973250548897,9.72103156028108,-1.62370650539137,3.08165745279878
"S29","Treatment","TypeA","Gene_12",7.42685957140123,9.83712764645966,-2.41026807505843,5.3157309096649
"S29","Treatment","TypeA","Gene_13",11.0792270591312,9.27302750091981,1.80619955821141,0.285943187985209
"S29","Treatment","TypeA","Gene_14",8.2402471388322,9.25111822634748,-1.01087108751529,2.01512745040711
"S29","Treatment","TypeA","Gene_15",7.09973996193936,9.81402082898414,-2.71428086704478,6.56266079845906
"S29","Treatment","TypeA","Gene_16",8.83695802343006,10.5112838114979,-1.67432578806785,3.19170162498981
"S29","Treatment","TypeA","Gene_17",8.25078284828248,9.76799379112875,-1.51721094284627,2.86237152949831
"S29","Treatment","TypeA","Gene_18",5.46708245041702,10.2709415401643,-4.80385908974727,27.9322345985516
"S29","Treatment","TypeA","Gene_19",9.2707795232218,9.79290970959687,-0.522130186375069,1.43607409368859
"S29","Treatment","TypeA","Gene_20",10.1870020640782,10.4553288367821,-0.268326772703924,1.20441015113913
"S30","Treatment","TypeB","Gene_01",7.52253267932641,10.0446837020647,-2.52215102273827,5.74437933830975
"S30","Treatment","TypeB","Gene_02",8.20935769692345,9.94318377749071,-1.73382608056727,3.32608740362489
"S30","Treatment","TypeB","Gene_03",12.5152792068823,10.5679540875911,1.94732511929115,0.259296543649276
"S30","Treatment","TypeB","Gene_04",8.83253233088347,9.96384179198107,-1.13130946109759,2.19057477405673
"S30","Treatment","TypeB","Gene_05",6.9221950161781,9.32661440656514,-2.40441939038704,5.29422456314282
"S30","Treatment","TypeB","Gene_06",8.56206312358314,9.47907119714332,-0.917008073560174,1.88819540492486
"S30","Treatment","TypeB","Gene_07",6.84964868684868,10.2878150898837,-3.43816640303501,10.8390499432575
"S30","Treatment","TypeB","Gene_08",10.7574985209616,9.61483954951655,1.14265897144506,0.452924042391373
"S30","Treatment","TypeB","Gene_09",8.8551469827966,9.74835172316406,-0.893204740367459,1.85729726463989
"S30","Treatment","TypeB","Gene_10",8.29116066092972,9.01933483514621,-0.728174174216488,1.65654130212367
"S30","Treatment","TypeB","Gene_11",7.42364510859678,9.72103156028108,-2.2973864516843,4.91566449414351
"S30","Treatment","TypeB","Gene_12",10.2369760731539,9.83712764645966,0.399848426694255,0.757937910006912
"S30","Treatment","TypeB","Gene_13",13.3060864833476,9.27302750091981,4.0330589824278,0.0610841130170745
"S30","Treatment","TypeB","Gene_14",9.66104613828945,9.25111822634748,0.409927911941969,0.752660981454521
"S30","Treatment","TypeB","Gene_15",10.8960005122221,9.81402082898414,1.081979683238,0.47238017274852
"S30","Treatment","TypeB","Gene_16",11.0397229388187,10.5112838114979,0.528439127320835,0.693304424539421
"S30","Treatment","TypeB","Gene_17",13.2174517090864,9.76799379112875,3.44945791795761,0.0915397449208629
"S30","Treatment","TypeB","Gene_18",11.7008184297996,10.2709415401643,1.42987688963533,0.371162563944502
"S30","Treatment","TypeB","Gene_19",8.22575491707666,9.79290970959687,-1.56715479252021,2.96319751229588
"S30","Treatment","TypeB","Gene_20",8.9792616791338,10.4553288367821,-1.47606715764831,2.78189343791989
"S31","Treatment","TypeA","Gene_01",8.27361283939099,10.0446837020647,-1.77107086267369,3.41307203249909
"S31","Treatment","TypeA","Gene_02",10.2961970157277,9.94318377749071,0.353013238236938,0.782947111864389
"S31","Treatment","TypeA","Gene_03",8.94282467447612,10.5679540875911,-1.62512941311501,3.08469834305232
"S31","Treatment","TypeA","Gene_04",8.59916240491622,9.96384179198107,-1.36467938706485,2.57519090572253
"S31","Treatment","TypeA","Gene_05",10.794137369566,9.32661440656514,1.46752296300084,0.361602620254617
"S31","Treatment","TypeA","Gene_06",8.9115804562243,9.47907119714332,-0.567490740919018,1.48194380390409
"S31","Treatment","TypeA","Gene_07",7.79485899408694,10.2878150898837,-2.49295609579675,5.62930218735022
"S31","Treatment","TypeA","Gene_08",13.086756390398,9.61483954951655,3.47191684088146,0.0901257493006929
"S31","Treatment","TypeA","Gene_09",8.80268680049531,9.74835172316406,-0.945664922668751,1.9260763896146
"S31","Treatment","TypeA","Gene_10",7.57681626008357,9.01933483514621,-1.44251857506264,2.71794935728535
"S31","Treatment","TypeA","Gene_11",6.63262388325218,9.72103156028108,-3.08840767702889,8.50556856043061
"S31","Treatment","TypeA","Gene_12",12.441140719482,9.83712764645966,2.60401307302235,0.164480325178705
"S31","Treatment","TypeA","Gene_13",10.0732235291831,9.27302750091981,0.800196028263272,0.574271142279806
"S31","Treatment","TypeA","Gene_14",10.587770066444,9.25111822634748,1.33665184009656,0.39593847167675
"S31","Treatment","TypeA","Gene_15",11.7181427256467,9.81402082898414,1.90412189666257,0.267178922279906
"S31","Treatment","TypeA","Gene_16",10.2059206568071,10.5112838114979,-0.305363154690818,1.23572965541699
"S31","Treatment","TypeA","Gene_17",7.92276843049924,9.76799379112875,-1.84522536062951,3.59309071752063
"S31","Treatment","TypeA","Gene_18",7.23932118830464,10.2709415401643,-3.03162035185965,8.17727609485012
"S31","Treatment","TypeA","Gene_19",10.4574889439267,9.79290970959687,0.664579234329782,0.630872673203126
"S31","Treatment","TypeA","Gene_20",11.4883398350513,10.4553288367821,1.03301099826914,0.488689157708871
"S32","Treatment","TypeB","Gene_01",8.6033647176309,10.0446837020647,-1.44131898443378,2.71569034110295
"S32","Treatment","TypeB","Gene_02",11.0788167564108,9.94318377749071,1.13563297892004,0.455135183534538
"S32","Treatment","TypeB","Gene_03",7.41020097640102,10.5679540875911,-3.15775311119011,8.92438721500924
"S32","Treatment","TypeB","Gene_04",8.36961661026555,9.96384179198107,-1.59422518171552,3.01932316851678
"S32","Treatment","TypeB","Gene_05",5.07270305419022,9.32661440656514,-4.25391135237493,19.0789695977417
"S32","Treatment","TypeB","Gene_06",6.31032827649259,9.47907119714332,-3.16874292065073,8.99262881651304
"S32","Treatment","TypeB","Gene_07",8.15451757222021,10.2878150898837,-2.13329751766348,4.38719100308217
"S32","Treatment","TypeB","Gene_08",11.3961198553419,9.61483954951655,1.78128030582538,0.290925103341867
"S32","Treatment","TypeB","Gene_09",7.58106573449866,9.74835172316406,-2.1672859886654,4.49177601485375
"S32","Treatment","TypeB","Gene_10",8.77057621437575,9.01933483514621,-0.248758620770456,1.18818429172854
"S32","Treatment","TypeB","Gene_11",7.31269964629001,9.72103156028108,-2.40833191399107,5.30860174667981
"S32","Treatment","TypeB","Gene_12",11.5115810044437,9.83712764645966,1.67445335798401,0.313284791834145
"S32","Treatment","TypeB","Gene_13",9.96521704279513,9.27302750091981,0.692189541875322,0.618913826920666
"S32","Treatment","TypeB","Gene_14",10.9579887052922,9.25111822634748,1.70687047894475,0.306323832623709
"S32","Treatment","TypeB","Gene_15",11.2960371476697,9.81402082898414,1.4820163186856,0.357988135983753
"S32","Treatment","TypeB","Gene_16",8.49142272966251,10.5112838114979,-2.0198610818354,4.05544739835146
"S32","Treatment","TypeB","Gene_17",10.39049219599,9.76799379112875,0.622498404861235,0.649545095466377
"S32","Treatment","TypeB","Gene_18",10.1432955380223,10.2709415401643,-0.127646002141965,1.09250963426121
"S32","Treatment","TypeB","Gene_19",11.9506918970665,9.79290970959687,2.15778218746959,0.224100506168123
"S32","Treatment","TypeB","Gene_20",8.13349138519877,10.4553288367821,-2.32183745158334,4.99968586411546
"S33","Treatment","TypeA","Gene_01",6.14864332179631,10.0446837020647,-3.89604038026837,14.8876112137518
"S33","Treatment","TypeA","Gene_02",11.2620821457742,9.94318377749071,1.31889836828346,0.400840901238131
"S33","Treatment","TypeA","Gene_03",8.30828154090659,10.5679540875911,-2.25967254668454,4.78882775887112
"S33","Treatment","TypeA","Gene_04",6.7554136292095,9.96384179198107,-3.20842816277157,9.24342913261144
"S33","Treatment","TypeA","Gene_05",9.69877104041758,9.32661440656514,0.372156633852432,0.772626660775607
"S33","Treatment","TypeA","Gene_06",7.9855793261433,9.47907119714332,-1.49349187100002,2.81569656778524
"S33","Treatment","TypeA","Gene_07",7.35318446258114,10.2878150898837,-2.93463062730254,7.64560478866854
"S33","Treatment","TypeA","Gene_08",4.85287755375538,9.61483954951655,-4.76196199576118,27.1327241142207
"S33","Treatment","TypeA","Gene_09",4.75974237066431,9.74835172316406,-4.98860935249975,31.7483421300873
"S33","Treatment","TypeA","Gene_10",6.93127153149697,9.01933483514621,-2.08806330364924,4.2517692556444
"S33","Treatment","TypeA","Gene_11",9.57390409122003,9.72103156028108,-0.147127469061044,1.10736242096974
"S33","Treatment","TypeA","Gene_12",7.2790910734149,9.83712764645966,-2.55803657304477,5.88905673733012
"S33","Treatment","TypeA","Gene_13",10.7233007363098,9.27302750091981,1.45027323538997,0.36595210889644
"S33","Treatment","TypeA","Gene_14",10.7958512669754,9.25111822634748,1.54473304062789,0.34275912025693
"S33","Treatment","TypeA","Gene_15",9.78044565350383,9.81402082898414,-0.0335751754803102,1.02354545679558
"S33","Treatment","TypeA","Gene_16",8.9423717683889,10.5112838114979,-1.56891204310901,2.96680898451434
"S33","Treatment","TypeA","Gene_17",6.61430551044829,9.76799379112875,-3.15368828068046,8.89927791338078
"S33","Treatment","TypeA","Gene_18",8.72781001427133,10.2709415401643,-1.54313152589296,2.91426389980517
"S33","Treatment","TypeA","Gene_19",8.4398794585512,9.79290970959687,-1.35303025104568,2.55448108127934
"S33","Treatment","TypeA","Gene_20",10.6721435206652,10.4553288367821,0.216814683883124,0.860463151161196
"S34","Treatment","TypeB","Gene_01",9.31540380759547,10.0446837020647,-0.729279894469208,1.65781140655717
"S34","Treatment","TypeB","Gene_02",4.92450199025668,9.94318377749071,-5.01868178723403,32.4170698390943
"S34","Treatment","TypeB","Gene_03",15.3396490798883,10.5679540875911,4.77169499229719,0.0366080568457518
"S34","Treatment","TypeB","Gene_04",2.16766631803834,9.96384179198107,-7.79617547394272,222.270931272647
"S34","Treatment","TypeB","Gene_05",6.1294099010749,9.32661440656514,-3.19720450549024,9.17179751803039
"S34","Treatment","TypeB","Gene_06",7.76285752271414,9.47907119714332,-1.71621367442918,3.28572940921894
"S34","Treatment","TypeB","Gene_07",5.18937686398895,10.2878150898837,-5.09843822589474,34.2596433087322
"S34","Treatment","TypeB","Gene_08",6.51619251427589,9.61483954951655,-3.09864703524066,8.566150564486
"S34","Treatment","TypeB","Gene_09",10.5728044935201,9.74835172316406,0.824452770356093,0.564696357146836
"S34","Treatment","TypeB","Gene_10",7.6228613342258,9.01933483514621,-1.39647350092041,2.63257293406392
"S34","Treatment","TypeB","Gene_11",5.4971466627542,9.72103156028108,-4.22388489752688,18.685987431048
"S34","Treatment","TypeB","Gene_12",9.5407926481394,9.83712764645966,-0.296334998320265,1.22802080109868
"S34","Treatment","TypeB","Gene_13",10.1728096170429,9.27302750091981,0.899782116123063,0.535967669992338
"S34","Treatment","TypeB","Gene_14",10.1502479363053,9.25111822634748,0.899129709957831,0.536210096615226
"S34","Treatment","TypeB","Gene_15",11.5123853901647,9.81402082898414,1.69836456118053,0.308135207438261
"S34","Treatment","TypeB","Gene_16",10.1501138351441,10.5112838114979,-0.36116997635377,1.2844671342333
"S34","Treatment","TypeB","Gene_17",11.7285433020011,9.76799379112875,1.96054951087232,0.256930575246066
"S34","Treatment","TypeB","Gene_18",6.15497857577795,10.2709415401643,-4.11596296438634,17.3391703476865
"S34","Treatment","TypeB","Gene_19",7.92008825110486,9.79290970959687,-1.87282145849201,3.6624814652431
"S34","Treatment","TypeB","Gene_20",10.8740483842199,10.4553288367821,0.418719547437787,0.748088289597541
"S35","Treatment","TypeA","Gene_01",4.97913937134627,10.0446837020647,-5.06554433071841,33.4873505110672
"S35","Treatment","TypeA","Gene_02",8.16754994447896,9.94318377749071,-1.77563383301176,3.42388402005717
"S35","Treatment","TypeA","Gene_03",8.6449726932909,10.5679540875911,-1.92298139430023,3.79205895595513
"S35","Treatment","TypeA","Gene_04",4.53067334721828,9.96384179198107,-5.43316844476279,43.2062598632601
"S35","Treatment","TypeA","Gene_05",5.80155943672517,9.32661440656514,-3.52505496983997,11.5119072606033
"S35","Treatment","TypeA","Gene_06",4.72481531589819,9.47907119714332,-4.75425588124512,26.9881818182399
"S35","Treatment","TypeA","Gene_07",10.3903915710394,10.2878150898837,0.102576481155664,0.931368192980751
"S35","Treatment","TypeA","Gene_08",10.0725596046669,9.61483954951655,0.457720055150361,0.728136050483734
"S35","Treatment","TypeA","Gene_09",7.79539152892447,9.74835172316406,-1.95296019423959,3.87168128157274
"S35","Treatment","TypeA","Gene_10",10.9751378113802,9.01933483514621,1.955802976234,0.257777281027758
"S35","Treatment","TypeA","Gene_11",9.34928295693565,9.72103156028108,-0.371748603345427,1.2939201629312
"S35","Treatment","TypeA","Gene_12",7.63366228884135,9.83712764645966,-2.20346535761831,4.60584339265691
"S35","Treatment","TypeA","Gene_13",10.7028406823643,9.27302750091981,1.42981318144449,0.371178954530792
"S35","Treatment","TypeA","Gene_14",9.21454517944195,9.25111822634748,-0.0365730469055396,1.02567456092031
"S35","Treatment","TypeA","Gene_15",11.6208056055177,9.81402082898414,1.8067847765336,0.285827220817774
"S35","Treatment","TypeA","Gene_16",9.47071858958289,10.5112838114979,-1.04056522191502,2.05703340407587
"S35","Treatment","TypeA","Gene_17",12.2365557673422,9.76799379112875,2.4685619762135,0.180671145875363
"S35","Treatment","TypeA","Gene_18",8.84091677959879,10.2709415401643,-1.43002476056551,2.69451339850322
"S35","Treatment","TypeA","Gene_19",10.2995418248813,9.79290970959687,0.506632115284411,0.703863648781649
"S35","Treatment","TypeA","Gene_20",10.6010346458638,10.4553288367821,0.145705809081699,0.903937036634526
"S36","Treatment","TypeB","Gene_01",5.82905210374378,10.0446837020647,-4.2156315983209,18.5793947342128
"S36","Treatment","TypeB","Gene_02",6.98456441672451,9.94318377749071,-2.95861936076621,7.7737966024432
"S36","Treatment","TypeB","Gene_03",6.96629837896432,10.5679540875911,-3.60165570862681,12.139656614649
"S36","Treatment","TypeB","Gene_04",8.30811664051132,9.96384179198107,-1.65572515146975,3.15081522368282
"S36","Treatment","TypeB","Gene_05",3.97720718991164,9.32661440656514,-5.3494072166535,40.7691851405684
"S36","Treatment","TypeB","Gene_06",4.85186833938632,9.47907119714332,-4.62720285775699,24.7130789276492
"S36","Treatment","TypeB","Gene_07",8.11082007260526,10.2878150898837,-2.17699501727843,4.522106650203
"S36","Treatment","TypeB","Gene_08",9.55426706638404,9.61483954951655,-0.0605724831325141,1.0428795090495
"S36","Treatment","TypeB","Gene_09",6.18475958378993,9.74835172316406,-3.56359213937413,11.823556370269
"S36","Treatment","TypeB","Gene_10",6.88247485996283,9.01933483514621,-2.13685997518338,4.39803771264746
"S36","Treatment","TypeB","Gene_11",11.9460022401546,9.72103156028108,2.22497067987351,0.213903103564119
"S36","Treatment","TypeB","Gene_12",11.7409761307093,9.83712764645966,1.90384848424968,0.267229561503179
"S36","Treatment","TypeB","Gene_13",7.71602152621143,9.27302750091981,-1.55700597470838,2.9424256773075
"S36","Treatment","TypeB","Gene_14",6.66569339269574,9.25111822634748,-2.58542483365174,6.00192309672982
"S36","Treatment","TypeB","Gene_15",14.5172942515593,9.81402082898414,4.70327342257517,0.0383860674418793
"S36","Treatment","TypeB","Gene_16",9.72956174661557,10.5112838114979,-0.781722064882336,1.71918174031651
"S36","Treatment","TypeB","Gene_17",9.64380370220572,9.76799379112875,-0.124190088923028,1.08989570697667
"S36","Treatment","TypeB","Gene_18",9.42257718782252,10.2709415401643,-0.848364352341779,1.80045850760716
"S36","Treatment","TypeB","Gene_19",12.0800242905646,9.79290970959687,2.28711458096775,0.204884879003937
"S36","Treatment","TypeB","Gene_20",8.88685944724932,10.4553288367821,-1.5684693895328,2.96589883571704
"S37","Treatment","TypeA","Gene_01",10.6381783888717,10.0446837020647,0.593494686807055,0.66273559526898
"S37","Treatment","TypeA","Gene_02",7.94581922764795,9.94318377749071,-1.99736454984277,3.99269965062047
"S37","Treatment","TypeA","Gene_03",10.240610885085,10.5679540875911,-0.327343202506128,1.25470064956974
"S37","Treatment","TypeA","Gene_04",13.3322099182187,9.96384179198107,3.36836812623758,0.0968322799443
"S37","Treatment","TypeA","Gene_05",10.6446798508877,9.32661440656514,1.31806544432258,0.401072389098207
"S37","Treatment","TypeA","Gene_06",7.88012634207845,9.47907119714332,-1.59894485506487,3.02921684210049
"S37","Treatment","TypeA","Gene_07",8.11979830517642,10.2878150898837,-2.16801678470727,4.49405189684691
"S37","Treatment","TypeA","Gene_08",6.6744622139336,9.61483954951655,-2.94037733558295,7.67612037441173
"S37","Treatment","TypeA","Gene_09",14.4195385248308,9.74835172316406,4.67118680166679,0.0392493670325039
"S37","Treatment","TypeA","Gene_10",4.14464355166747,9.01933483514621,-4.87469128347874,29.3378508218673
"S37","Treatment","TypeA","Gene_11",10.2239792683259,9.72103156028108,0.502947708044868,0.705663498734992
"S37","Treatment","TypeA","Gene_12",10.2824783991622,9.83712764645966,0.445350752702495,0.73440574382352
"S37","Treatment","TypeA","Gene_13",10.489099442553,9.27302750091981,1.21607194163321,0.430453128598182
"S37","Treatment","TypeA","Gene_14",6.94656356466307,9.25111822634748,-2.30455466168441,4.94014936312339
"S37","Treatment","TypeA","Gene_15",10.4946258824432,9.81402082898414,0.680605053459091,0.623903559974433
"S37","Treatment","TypeA","Gene_16",10.4375304239806,10.5112838114979,-0.0737533875173089,1.05245123463682
"S37","Treatment","TypeA","Gene_17",12.5794470403549,9.76799379112875,2.81145324922617,0.142451898167587
"S37","Treatment","TypeA","Gene_18",11.1092383517456,10.2709415401643,0.838296811581351,0.559303470878126
"S37","Treatment","TypeA","Gene_19",12.2931113448876,9.79290970959687,2.50020163529076,0.176751990193634
"S37","Treatment","TypeA","Gene_20",8.14719830558678,10.4553288367821,-2.30813053119534,4.95240922384357
"S38","Treatment","TypeB","Gene_01",9.45835215257051,10.0446837020647,-0.586331549494172,1.50142410404213
"S38","Treatment","TypeB","Gene_02",5.46236222369376,9.94318377749071,-4.48082155379695,22.3286102408977
"S38","Treatment","TypeB","Gene_03",7.01102852449921,10.5679540875911,-3.55692556309192,11.7690467185886
"S38","Treatment","TypeB","Gene_04",4.71974610364538,9.96384179198107,-5.24409568833569,37.8992052024336
"S38","Treatment","TypeB","Gene_05",8.76754104049908,9.32661440656514,-0.559073366066068,1.47332260749592
"S38","Treatment","TypeB","Gene_06",6.23903063904927,9.47907119714332,-3.24004055809405,9.44820690257854
"S38","Treatment","TypeB","Gene_07",7.44193743844946,10.2878150898837,-2.84587765143423,7.18943128326381
"S38","Treatment","TypeB","Gene_08",7.19797320954421,9.61483954951655,-2.41686633997234,5.34009845112312
"S38","Treatment","TypeB","Gene_09",7.73670851327868,9.74835172316406,-2.01164320988537,4.03241244814671
"S38","Treatment","TypeB","Gene_10",8.60811329369259,9.01933483514621,-0.411221541453621,1.32981129943557
"S38","Treatment","TypeB","Gene_11",5.35210150093923,9.72103156028108,-4.36893005934185,20.6623158886317
"S38","Treatment","TypeB","Gene_12",9.62933119800849,9.83712764645966,-0.20779644845117,1.15492282363118
"S38","Treatment","TypeB","Gene_13",11.659948747508,9.27302750091981,2.38692124658818,0.191189971072305
"S38","Treatment","TypeB","Gene_14",7.97067618900433,9.25111822634748,-1.28044203734315,2.42913393397893
"S38","Treatment","TypeB","Gene_15",5.45010136315497,9.81402082898414,-4.36391946582916,20.5906785111938
"S38","Treatment","TypeB","Gene_16",6.67649527738096,10.5112838114979,-3.83478853411694,14.2687646849884
"S38","Treatment","TypeB","Gene_17",7.49591402477884,9.76799379112875,-2.27207976634991,4.83018941886941
"S38","Treatment","TypeB","Gene_18",12.2041182316228,10.2709415401643,1.93317669145848,0.261851959967151
"S38","Treatment","TypeB","Gene_19",9.72911431067697,9.79290970959687,-0.0637953989199076,1.04521185914657
"S38","Treatment","TypeB","Gene_20",7.24656126856485,10.4553288367821,-3.20876756821726,9.24560397840927
"S39","Treatment","TypeA","Gene_01",12.1139067266049,10.0446837020647,2.06922302454021,0.238287796842613
"S39","Treatment","TypeA","Gene_02",12.6154501959249,9.94318377749071,2.67226641843422,0.156880025642249
"S39","Treatment","TypeA","Gene_03",6.39149510684689,10.5679540875911,-4.17645898074425,18.0817070542991
"S39","Treatment","TypeA","Gene_04",6.56426875640527,9.96384179198107,-3.3995730355758,10.5529396900731
"S39","Treatment","TypeA","Gene_05",5.96891379116708,9.32661440656514,-3.35770061539806,10.2510558980999
"S39","Treatment","TypeA","Gene_06",10.2395487863343,9.47907119714332,0.760477589191025,0.590300885396776
"S39","Treatment","TypeA","Gene_07",10.4696158830045,10.2878150898837,0.181800793120841,0.881601880814688
"S39","Treatment","TypeA","Gene_08",11.8947439312229,9.61483954951655,2.27990438170634,0.20591140116797
"S39","Treatment","TypeA","Gene_09",13.1309999482313,9.74835172316406,3.3826482250672,0.0958785416172795
"S39","Treatment","TypeA","Gene_10",12.6835194659294,9.01933483514621,3.6641846307832,0.0788806565059296
"S39","Treatment","TypeA","Gene_11",12.4116569045382,9.72103156028108,2.69062534425714,0.154896307265866
"S39","Treatment","TypeA","Gene_12",10.8588042443232,9.83712764645966,1.02167659786349,0.492543620251631
"S39","Treatment","TypeA","Gene_13",8.75577774022884,9.27302750091981,-0.517249760690973,1.43122427343782
"S39","Treatment","TypeA","Gene_14",9.07973289199692,9.25111822634748,-0.171385334350566,1.12613933037522
"S39","Treatment","TypeA","Gene_15",11.3472488687371,9.81402082898414,1.53322803975296,0.345503435276659
"S39","Treatment","TypeA","Gene_16",13.8991275360132,10.5112838114979,3.3878437245153,0.0955338803999116
"S39","Treatment","TypeA","Gene_17",13.9440145046388,9.76799379112875,4.1760207135101,0.0553213160041098
"S39","Treatment","TypeA","Gene_18",6.67972145585746,10.2709415401643,-3.59122008430683,12.0521621600215
"S39","Treatment","TypeA","Gene_19",8.86405882705269,9.79290970959687,-0.928850882544182,1.90375903363669
"S39","Treatment","TypeA","Gene_20",13.370319890176,10.4553288367821,2.91499105339389,0.132586789880901
"S40","Treatment","TypeB","Gene_01",2.3665099012019,10.0446837020647,-7.67817380086278,204.81446527922
"S40","Treatment","TypeB","Gene_02",10.5068817385775,9.94318377749071,0.563697961086744,0.676565744758611
"S40","Treatment","TypeB","Gene_03",6.98278560450257,10.5679540875911,-3.58516848308857,12.0017134354825
"S40","Treatment","TypeB","Gene_04",10.9001164172417,9.96384179198107,0.936274625260655,0.522580564431766
"S40","Treatment","TypeB","Gene_05",4.83347067968394,9.32661440656514,-4.4931437268812,22.5201374369801
"S40","Treatment","TypeB","Gene_06",5.08152565572805,9.47907119714332,-4.39754554141527,21.0762390257238
"S40","Treatment","TypeB","Gene_07",8.76735885297689,10.2878150898837,-1.5204562369068,2.86881758553397
"S40","Treatment","TypeB","Gene_08",7.33733509669458,9.61483954951655,-2.27750445282197,4.84838563213721
"S40","Treatment","TypeB","Gene_09",16.0042945955639,9.74835172316406,6.25594287239981,0.0130849944945138
"S40","Treatment","TypeB","Gene_10",10.8239598297895,9.01933483514621,1.80462499464329,0.286255437974013
"S40","Treatment","TypeB","Gene_11",11.0494856202739,9.72103156028108,1.32845405999278,0.39819470443897
"S40","Treatment","TypeB","Gene_12",10.3648300314625,9.83712764645966,0.527702385002883,0.693658565323474
"S40","Treatment","TypeB","Gene_13",9.00983242058676,9.27302750091981,-0.263195080333048,1.20013365273376
"S40","Treatment","TypeB","Gene_14",9.47574784890001,9.25111822634748,0.224629622552522,0.855814707440388
"S40","Treatment","TypeB","Gene_15",12.3362590509729,9.81402082898414,2.52223822198871,0.174072689323162
"S40","Treatment","TypeB","Gene_16",12.3268282339843,10.5112838114979,1.81554442248643,0.284097014833283
"S40","Treatment","TypeB","Gene_17",11.3825514965462,9.76799379112875,1.61455770541744,0.3265650481861
"S40","Treatment","TypeB","Gene_18",8.24347230322648,10.2709415401643,-2.02746923693782,4.07689058057097
"S40","Treatment","TypeB","Gene_19",13.5858507977935,9.79290970959687,3.79294108819665,0.0721457845753293
"S40","Treatment","TypeB","Gene_20",7.4829250829403,10.4553288367821,-2.97240375384182,7.8484281922682
